wife.n.01	husband.n.01	0.48048791129963514
book.n.01	textbook.n.01	0.5606401408954472
groom.n.03	bride.n.01	0.5297665720472357
night.n.04	day.n.01	0.28284695006958693
south.n.03	north.n.03	0.3993579099803
airplane.n.01	airport.n.01	0.07291735799411016
uncle.n.01	aunt.n.01	0.09968619366706394
horse.n.01	mare.n.01	0.2644247381262664
bottom.n.04	top.n.04	0.40795964178480143
friend.n.01	buddy.n.01	0.45334270466018994
scholar.n.01	student.n.01	0.10214718877590367
universe.n.01	earth.n.01	0.19003941390938978
leg.n.01	arm.n.01	0.4746735994876114
airplane.n.01	jet.n.01	0.4765981223352675
woman.n.01	man.n.01	0.3764257538804581
horse.n.01	colt.n.01	0.11090032438853839
actress.n.01	actor.n.01	1.1793780380360577
teacher.n.02	teacher.n.01	0.054551295891874275
movie.n.01	film.n.03	0.08522982762611259
bird.n.01	hawk.n.01	0.2893819562723057
word.n.01	dictionary.n.01	0.059376526640173455
money.n.02	wage.n.01	0.13355450245319136
dog.n.01	cat.n.01	0.4497755285516739
area.n.01	region.n.03	0.5700180222566702
navy.n.01	army.n.01	0.250595297111597
book.n.10	literature.n.03	0.12180568193725691
apparel.n.01	wardrobe.n.01	0.07042125335696739
sunset.n.01	dawn.n.01	0.1724370153414982
child.n.02	adult.n.01	0.1412186546847573
cow.n.01	cattle.n.01	0.49456713360605
record.n.05	report.n.03	0.2102357907927844
winter.n.01	summer.n.01	0.27973993208400433
cab.n.03	cab.n.02	0.10199803861243746
tree.n.01	maple.n.02	0.21638981615717023
bed.n.08	bedroom.n.01	0.08853767649484401
roof.n.01	ceiling.n.01	0.06311883613798785
disease.n.01	infection.n.01	0.2151630135036649
sleeve.n.01	shoulder.n.04	0.2021773459528957
sheep.n.01	lamb.n.01	0.08500507049764872
dame.n.02	gentleman.n.01	0.09961907302735871
boat.n.01	anchor.n.01	0.07253435413672467
priest.n.01	monk.n.01	0.07803966919367743
toe.n.01	finger.n.01	0.421044800596399
river.n.01	stream.n.01	5.272716586179796
anger.n.01	fury.n.01	0.45952267663552065
date.n.03	calendar.n.03	0.06780773450785041
sea.n.01	ocean.n.01	0.1515813080892806
second.n.06	minute.n.04	0.4742436479301504
hand.n.01	thumb.n.01	0.16137696801896725
wood.n.01	log.n.01	0.3481243368503586
mud.n.01	soil.n.02	0.8050212665159209
hallway.n.01	corridor.n.01	3.177520997922601
way.n.11	manner.n.03	0.20310369713449247
mouse.n.01	cat.n.01	0.10273265196507747
bull.n.05	sheriff.n.01	0.1784856305199754
death.n.01	burial.n.01	0.06489236893064836
music.n.01	tune.n.01	0.6841348812015038
beer.n.01	alcohol.n.01	0.5176990453117517
mouth.n.02	lip.n.01	0.09994076579291616
storm.n.01	hurricane.n.01	0.4252830325374455
tax.n.01	income.n.01	0.1694695528402988
flower.n.01	violet.n.01	0.12285000926030465
paper.n.01	cardboard.n.01	0.22144507917862868
floor.n.03	ceiling.n.03	0.404389671098332
beach.n.01	seashore.n.01	0.11612248374084284
rod.n.01	curtain.n.01	0.08511544811725825
hound.n.01	fox.n.01	0.17934120768946227
street.n.01	alley.n.01	0.27786783988298874
gravy_boat.n.01	deck.n.02	0.0971622333107813
car.n.01	cornet.n.01	0.08583821416421254
friend.n.01	guest.n.03	0.08139134650665554
employer.n.01	employee.n.01	0.08819665332707867
hand.n.01	wrist.n.01	0.09973451522554591
musket_ball.n.01	cannon.n.04	0.11453558889192018
alcohol.n.01	brandy.n.01	0.2357752793731069
victory.n.01	triumph.n.02	0.053956600907541605
telephone.n.01	booth.n.04	0.07553462788888543
door.n.01	doorway.n.01	0.07982096805829694
motel.n.01	hostel.n.01	0.19695662322410004
apparel.n.01	fabric.n.01	0.0887225875013946
steak.n.01	meat.n.01	0.20130279940772539
nail.n.01	thumb.n.01	0.06931804807454368
dance_band.n.01	orchestra.n.01	0.25661429409420483
koran.n.01	bible.n.01	0.3616059878919273
commercial_enterprise.n.02	industry.n.02	0.8550000746280146
winter.n.01	season.n.02	0.47729904931642125
ten.n.01	hundred.n.01	0.23165272954631622
alcohol.n.01	gin.n.01	0.3033184423396384
hat.n.01	coat.n.01	0.14833860055754006
window.n.01	door.n.01	0.10183214775503073
arm.n.01	wrist.n.01	0.0834381266754163
house.n.01	apartment.n.01	0.32110065602427096
glass.n.01	quartz_glass.n.01	0.5752843625085089
wine.n.01	brandy.n.01	0.18558489525676405
creator.n.02	maker.n.01	0.46432147229900284
dinner.n.01	breakfast.n.01	0.2519702683536848
arm.n.01	muscle.n.01	0.10153529668249295
bubble.n.01	soapsuds.n.01	0.26612619045664676
bread.n.01	flour.n.01	0.15002748354805034
death.n.01	calamity.n.01	0.1112974494873172
absence.n.02	presence.n.06	0.0986859360083762
artillery.n.01	cannon.n.01	0.4506121260105311
pot.n.09	blade.n.05	0.07198689297348418
ball.n.01	basket.n.03	0.13186059997336538
hosiery.n.01	garden.n.01	0.05517777592645166
son.n.01	child.n.02	1.0327906158090907
church.n.02	choir.n.03	0.07872652970549734
apparel.n.01	draftsman.n.02	0.06616540864483841
column.n.04	bell.n.05	0.08937635012548509
father.n.01	parent.n.01	1.1842484569062022
school.n.03	mark.n.01	0.1481871546756254
parent.n.01	adult.n.01	0.12883632983405444
barroom.n.01	jail.n.01	0.07436996405263802
car.n.01	highway.n.01	0.08112069831210425
dictionary.n.01	definition.n.01	0.047734690701254585
door.n.05	root_cellar.n.01	0.10269317302499498
army.n.01	host.n.05	0.7423499090116487
metallic_element.n.01	aluminum.n.01	0.18382727137238228
chair.n.01	bench.n.01	0.30047186021174593
cloud.n.01	fog.n.01	0.6286706437340149
male_child.n.01	son.n.01	0.1804560130326963
water.n.06	methamphetamine.n.01	0.1181179406415002
layer.n.01	blanket.n.03	0.34400895641508483
lawyer.n.01	lawyer.n.01	1000.0
area.n.01	zone.n.01	0.10882283138745404
business.n.01	company.n.01	0.15679702278085875
apparel.n.01	fabric.n.01	0.0887225875013946
sweater.n.01	jacket.n.01	0.13827108238808186
money.n.02	capital.n.02	0.12504289945909167
hand.n.13	animal_foot.n.01	1.775340908114208
alcohol.n.01	cocktail.n.01	0.3737351686114793
yard.n.01	inch.n.01	0.15236003076326643
atom.n.02	atom.n.01	0.09194393818010071
lens.n.05	television_camera.n.01	0.13621769385914623
meal.n.01	dinner.n.01	0.5994845062407639
center.n.01	rip.n.02	0.09972290354708398
deity.n.01	devil.n.02	0.1813997027711875
loop.n.02	belt.n.01	2.015643504472136
rat.n.01	mouse.n.01	0.4578797870646493
motor.n.01	engine.n.01	2.2695222683755247
car.n.01	cab.n.03	0.3038885988985572
big_cat.n.01	lion.n.01	0.8396407081763995
size.n.01	magnitude.n.01	0.3821388668184757
world.n.03	illusion.n.02	0.09157848036887886
door.n.01	gate.n.01	0.5238874410038724
computerized_tomography.n.01	positron_emission_tomography.n.01	0.5698598474003422
tin.n.01	aluminum.n.01	0.08152568544244872
bone.n.01	jaw.n.01	0.40863589494904046
grain.n.02	wheat.n.02	0.400377046985904
sign_of_the_zodiac.n.01	key.n.09	0.09136372637057959
lineage.n.01	human_body.n.01	0.0749733753920651
doorway.n.01	corridor.n.01	0.15528488454868056
deity.n.01	spirit.n.04	0.36692829011852984
capability.n.01	competence.n.01	0.19113892613961045
abundance.n.01	plenty.n.01	0.7825012578269737
sofa.n.01	chair.n.01	0.2941559185177259
wall.n.01	brick.n.01	0.06606083828372264
cornet.n.01	drum.n.01	0.1526647940117823
organ.n.01	liver.n.01	0.18763510956840887
strength.n.01	might.n.01	2.8351118984315833
idiom.n.04	discussion.n.02	0.19776753781623488
band.n.06	parade.n.01	0.08520793822112391
stomach.n.01	waist.n.01	0.07601653696849849
cloud.n.02	storm.n.01	0.13375030688201062
joy.n.01	pride.n.01	0.12381820120955428
noise.n.01	rattle.n.01	0.24044917348149397
rain.n.01	mist.n.01	0.0927205195687583
beer.n.01	beverage.n.01	0.354108548279976
serviceman.n.01	uncle.n.02	0.08651065724126077
apple.n.01	juice.n.01	0.0633308641807606
intelligence.n.01	logic.n.05	0.1008599923252305
communication.n.02	language.n.01	0.315214476754454
mink.n.01	fur.n.01	0.32593961745202044
mob.n.01	crowd.n.01	0.29521368638753004
shore.n.01	seashore.n.01	1.3905833398673364
wire.n.02	cord.n.03	0.1463773984100356
bird.n.01	turkey.n.01	0.4091586798265518
bed.n.01	crib.n.01	0.13381727303259863
competence.n.01	ability.n.01	0.26269731101386307
cloud.n.01	haze.n.01	0.30558456478522494
supper.n.01	meal.n.01	0.3853769700187066
barroom.n.01	cage.n.01	0.08271159999845971
water.n.01	salt.n.01	0.18249946607536524
sense.n.01	intuition.n.01	0.1136552834573858
situation.n.02	condition.n.01	0.3157655126039178
crime.n.01	larceny.n.01	0.9525423180403361
vogue.n.01	fashion.n.03	1.8447910397094944
boundary.n.02	margin.n.01	0.9212294120921938
branch.n.01	body.n.02	0.12526044454556
boat.n.01	car.n.01	0.22637678975483372
sandwich.n.01	lunch.n.01	0.15627735764689216
bridget.n.01	princess.n.01	0.05720196382536649
heroine.n.01	hero.n.02	0.1228428177312088
car.n.01	gauge.n.01	0.08302106538764922
insect.n.01	bee.n.01	0.40034534737382443
crib.n.01	cradle.n.01	0.6633307301011722
animal.n.01	person.n.01	0.3532001354976312
marijuana.n.01	herb.n.01	0.13132864270817285
bed.n.08	hospital.n.01	0.09575092150549663
impudence.n.01	natural_language.n.01	0.08248446366214897
phonograph_record.n.01	computer.n.01	0.10634916729670314
curve.n.01	angle.n.01	0.217718493066145
grass.n.01	moss.n.01	0.0605879547567455
school.n.01	police.n.01	0.12683438386168797
animal_foot.n.01	head.n.01	0.22728653541820706
mother.n.01	defender.n.01	0.09335840166837671
orthodontist.n.01	dentist.n.01	1.1101409153758648
alcohol.n.01	whiskey.n.01	0.48351229672613344
mouth.n.02	tooth.n.03	0.15518806283305253
breakfast.n.01	bacon.n.01	0.06155163988427467
toilet.n.01	bedroom.n.01	0.1835691774549369
plate.n.04	bowl.n.03	0.1404077145655214
meat.n.01	bacon.n.01	0.1766538515465325
air.n.01	helium.n.01	0.17005186776990988
worker.n.01	employer.n.01	0.11279838599206969
torso.n.01	breast.n.01	0.1012256944548657
son.n.02	father.n.06	0.5618387018273269
kernel.n.03	operation.n.06	0.07435431366156232
charwoman.n.01	secretary.n.02	0.11041222338863094
serviceman.n.01	father.n.01	0.10488503816912019
beach.n.01	island.n.01	0.06966366071824194
report.n.03	subject.n.01	0.1431186074509797
game.n.03	fun.n.01	0.11667228942050774
weekend.n.01	week.n.01	0.0849544893932246
couple.n.01	pair.n.03	1.3492428863088755
woman.n.01	wife.n.01	0.4536521070641244
sheep.n.01	cattle.n.01	0.3680587191054977
purse.n.03	bag.n.01	0.3657152875592304
ceiling.n.01	cathedral.n.01	0.055795561066592385
bean.n.02	coffee_bean.n.01	0.22046921634622077
wood.n.01	paper.n.01	0.20114409685992587
top.n.02	side.n.04	0.5253340023740832
crime.n.01	fraud.n.01	0.31361372665856374
pain.n.02	injury.n.01	0.0985368300484724
lover.n.03	companion.n.01	0.09285426395041926
evening.n.01	twilight.n.01	0.07050987315176688
father.n.01	daughter.n.01	0.1888940331660783
wine.n.01	liquor.n.01	0.4135726106696243
cow.n.01	goat.n.01	0.24140550406390776
belief.n.01	opinion.n.01	0.640879097024043
world.n.03	illusion.n.01	0.09537152120566059
treaty.n.01	agreement.n.01	0.5267544252022538
wealth.n.01	poverty.n.01	0.4242100484452445
accident.n.02	emergency.n.01	0.08543430140856248
conflict.n.01	seduction.n.02	0.07919278523786892
friend.n.01	teacher.n.01	0.087994631368449
illness.n.01	infection.n.01	0.24247921983542867
game.n.03	magic_trick.n.01	0.12776130532970414
brother.n.01	son.n.01	0.1696326003475483
aunt.n.01	nephew.n.01	0.08718426575184875
worker.n.01	machinist.n.01	0.1527534164063858
doctor.n.01	orthodontist.n.01	0.25232194902514393
oak.n.01	maple.n.01	0.1387220406473505
bee.n.01	queen.n.01	0.19218475887204864
car.n.01	bicycle.n.01	0.2539648929429355
goal.n.01	pursuit.n.02	0.08522199235118515
august.n.01	calendar_month.n.01	0.27536661473809715
united_states_army.n.01	team.n.01	0.13690957967867884
cloud.n.02	weather.n.01	0.25750325942166935
doctor.n.01	doctor_of_the_church.n.01	0.07934224448245425
canyon.n.01	valley.n.01	0.43163547413463166
river.n.01	valley.n.01	0.06919392985067074
sunlight.n.01	sky.n.01	0.059174815576040256
target.n.01	arrow.n.01	0.08653640641928435
chocolate.n.02	pie.n.01	0.09050036287364037
context.n.02	situation.n.01	0.44503176170522446
opinion.n.01	choice.n.01	0.11457656021441708
rhythm.n.04	tune.n.01	0.08114209975832558
intestine.n.01	nerve.n.01	0.07452332923135867
day.n.04	dawn.n.03	0.0986861796733079
cattle.n.01	beef.n.01	0.49456713360605
doctor.n.01	professor.n.01	0.18567352691311376
arm.n.01	vein.n.01	0.08955262598601516
room.n.01	bathroom.n.01	0.1943439770621016
corporation.n.01	business.n.01	0.37353575379516313
fun.n.01	football.n.01	0.09534762602111219
hill.n.01	cliff.n.01	0.12841635501236637
bone.n.01	ankle.n.01	0.08878784980328379
apple.n.01	candy.n.01	0.07488408243128945
assistant.n.01	maid.n.01	0.12886884781332003
leader.n.01	director.n.01	0.24321280766385545
lemon.n.03	tea.n.03	0.10158365962332756
bee.n.01	ant.n.01	0.49626233469164355
basketball.n.01	baseball.n.01	0.2547938853926374
rice.n.02	bean.n.03	0.12733114967544357
bed.n.01	furniture.n.01	0.5872009360862313
emotion.n.01	passion.n.01	0.2089887624296288
anarchy.n.01	chaos.n.01	0.14492805940824913
crime.n.01	rape.n.03	0.30939435251019815
machine.n.01	engine.n.01	0.42321283045896274
beach.n.01	sea.n.01	0.05511060095015111
alley.n.01	stadium.n.01	0.059221231953148955
jar.n.01	bottle.n.01	0.16272923444749274
military_capability.n.01	capability.n.01	1.5063035831666685
semen.n.01	mustard.n.02	0.0760088076246942
guitar.n.01	drum.n.01	0.1368620986270652
opinion.n.01	idea.n.03	0.4962533718912089
north.n.03	west.n.02	0.3127769351019329
diet.n.01	salad.n.01	0.07850827578819002
mother.n.03	wife.n.01	0.20961527797141785
dad.n.01	mother.n.01	0.3531449759900002
master.n.07	sailor.n.01	0.539937539621605
meter.n.01	yard.n.01	0.16176255666609118
beer.n.01	champagne.n.01	0.16199707546852496
motor.n.01	boat.n.01	0.09088419751324034
circuit_board.n.01	bridge.n.02	0.44972127306613796
science.n.01	psychology.n.01	0.3865061339584882
sinner.n.01	ideal.n.02	0.058252787487440186
end.n.06	structure.n.01	0.08466219370091758
crowd.n.01	crowd.n.02	0.12745888214357484
beach.n.01	reef.n.01	0.12407674283437496
serviceman.n.01	child.n.02	0.12485544027884558
bread.n.01	cheese.n.01	0.13151466026835806
champion.n.01	winner.n.01	0.0908819121829874
celebration.n.01	ceremony.n.01	0.14941144408797988
menu.n.01	order.n.09	0.08659693386304093
king.n.07	princess.n.01	0.08379179078173711
wealth.n.01	prestige.n.01	0.0699277164666312
endurance.n.01	strength.n.01	0.48303648187408643
danger.n.03	menace.n.01	0.7490630718728051
god.n.03	priest.n.01	0.14553490659235616
work_force.n.01	fraternity.n.01	0.08419187858473902
buddy.n.01	companion.n.01	0.27487455969052116
teacher.n.01	assistant.n.01	0.09593433266585809
torso.n.01	stomach.n.01	0.10085884636358959
tongue.n.01	throat.n.04	0.08106352172757868
house.n.01	rug.n.01	0.07528729401147058
intelligence.n.01	skill.n.02	0.13897316046019995
journey.n.01	seduction.n.02	0.1080030677132995
god.n.03	prey.n.01	0.07145547210106455
brother.n.02	person.n.01	0.14269221735926552
adversary.n.01	opposition.n.04	0.06915285756593956
death.n.01	calamity.n.01	0.1112974494873172
monster.n.01	devil.n.02	0.06245055399005486
day.n.04	morning.n.01	0.1236280238692587
serviceman.n.01	victor.n.01	0.09677261381508814
friend.n.01	guy.n.01	0.08188069506130077
song.n.01	history.n.02	0.09758812961772012
beam.n.04	sunlight.n.01	0.2591380393827845
guy.n.03	scantling.n.01	0.13052827833784772
chicken.n.01	rice.n.01	0.06904679128677922
box.n.01	elevator.n.01	0.07678026358976667
butter.n.01	potato.n.01	0.13123591347303806
apartment.n.01	furniture.n.01	0.09253075065028418
lake.n.01	swamp.n.01	0.05203005570842782
salad.n.01	vinegar.n.01	0.07208510923675976
flower.n.02	bulb.n.01	0.12708756985665806
cloud.n.01	mist.n.01	0.3970389171989364
driver.n.05	pilot_burner.n.01	0.09951018480829327
sugar.n.01	honey.n.01	0.6134690831499348
torso.n.01	shoulder.n.03	0.10432568184296742
idea.n.01	image.n.01	0.17300958418171783
father.n.01	brother.n.01	0.15499481827318606
moon.n.06	planet.n.01	0.25706355714085083
ball.n.01	costume.n.01	0.0667671190410542
railing.n.01	fence.n.01	0.2592577204776304
room.n.01	bed.n.08	0.14235727347684352
flower.n.01	shrub.n.01	0.3188188281659695
bone.n.01	stifle.n.01	0.10281118892519797
sleeve.n.01	knee.n.03	0.18731693515580902
bottom.n.01	side.n.04	0.4986701540314378
vessel.n.01	vein.n.01	0.6798781730240913
cat.n.01	rabbit.n.01	0.0988778043344038
meat.n.01	sandwich.n.01	0.1177956203382873
belief.n.01	concept.n.01	0.3536984719934934
intelligence.n.01	insight.n.03	0.09593208601998701
care.n.01	pastime.n.01	0.10786116606935016
position.n.04	assurance.n.01	0.08188263409304683
right.n.07	justice.n.01	5.176895293687301
argumentation.n.02	agreement.n.04	0.20414791565137222
depth.n.01	magnitude.n.01	0.23087540983326849
medium.n.01	news.n.02	0.06773352955513248
achiever.n.01	candidate.n.02	0.07892119551076668
birthday.n.02	date.n.01	0.41703239142424664
fee.n.01	payment.n.01	0.28037782371655184
bible.n.01	hymn.n.01	0.07278819129746199
exit.n.01	doorway.n.01	0.07730227367393241
serviceman.n.01	lookout.n.01	0.09143838149187027
aisle.n.02	hallway.n.01	0.14084285002930255
whiskey.n.01	gin.n.01	0.3542029352673412
lineage.n.01	kernel.n.03	0.07756342425844968
oil.n.02	mink.n.02	0.08040660229228347
floor.n.01	deck.n.01	0.19649895741731552
ceiling.n.03	floor.n.03	0.404389671098332
door.n.03	floor.n.08	0.19806728357014572
shoulder.n.05	forefront.n.01	0.172093277324268
wagon.n.01	carriage.n.02	0.17101656095801798
car.n.02	passenger_car.n.01	0.4326815004282208
elbow.n.01	ankle.n.01	0.1820487891806295
wealth.n.01	fame.n.01	0.06920941465018132
sorrow.n.02	shame.n.01	0.10449871261544416
administration.n.02	management.n.02	1.6887680683020045
communication.n.02	conversation.n.01	0.19130638409171905
pollution.n.01	atmosphere.n.01	0.08800149866921585
anatomy.n.01	biology.n.01	0.8597337435263978
college.n.01	profession.n.01	0.15717529106475062
record.n.05	subject.n.01	0.13897119902063618
formula.n.01	equation.n.01	0.5097112167802337
record.n.05	information.n.01	0.4028126021172686
son.n.01	spouse.n.01	0.23598618989270365
sky.n.01	universe.n.01	0.06703984123871536
population.n.01	people.n.01	0.24121258945540555
college.n.02	class.n.06	0.11116286506837719
head.n.04	mayor.n.01	0.13999956596421362
rabbi.n.01	curate.n.01	0.13311786787357302
meter.n.01	inch.n.01	0.16640688431683195
polyester.n.03	cotton.n.02	0.09959712415036509
lawyer.n.01	banker.n.01	0.06704127856556276
violin.n.01	musical_instrument.n.01	0.23732630183513453
camp.n.01	cabin.n.02	0.12427025768695331
toilet.n.02	appliance.n.02	0.09258092873885765
linen.n.01	fabric.n.01	0.1661070531012421
whiskey.n.01	champagne.n.01	0.1584904989728448
daughter.n.01	child.n.02	0.6605620993514933
bungalow.n.01	cabin.n.02	0.12716912859043883
bird.n.02	hen.n.03	0.47092986951823396
racket.n.01	noise.n.01	0.21531348711084464
sunset.n.01	evening.n.01	0.05686576278307702
drizzle.n.01	rain.n.01	0.30341307554227914
adult.n.01	baby.n.05	0.2190621329400229
charcoal.n.01	coal.n.01	0.1576826657754195
torso.n.01	spinal_column.n.01	0.1314510348394412
head.n.11	nail.n.03	0.12993745390291309
log.n.05	timber.n.03	0.06892206975904253
spoon.n.01	cup.n.01	0.1523090756835326
torso.n.01	nerve.n.01	0.09382619595349832
man.n.08	husband.n.01	0.3212784188375452
bone.n.01	neck.n.01	0.10333594205559489
frustration.n.03	anger.n.01	0.29946198857280415
river.n.01	sea.n.01	0.22647062915217991
undertaking.n.01	job.n.02	0.1960327348001337
baseball_club.n.01	club.n.02	0.11279757734465186
reflection.n.05	picture.n.01	0.37998189195617527
prince.n.01	king.n.07	0.11244510919303531
snow.n.01	weather.n.01	0.29589315656792875
people.n.01	party.n.02	0.14010078429672673
son.n.01	brother.n.01	0.1696326003475483
ancestor.n.01	grass.n.01	0.08785577959390578
brow.n.01	eye.n.01	0.09534327563337096
money.n.01	drop.n.01	0.059054649118247926
money.n.02	diamond.n.02	0.07127365706249374
vehicle.n.01	bus.n.04	0.21954614615467274
cab.n.03	bus.n.04	0.16191987735652633
house.n.01	barn.n.01	0.14795525271851742
finger.n.02	palm.n.02	0.1102636067023518
cable_car.n.01	bridge.n.01	0.09957245214716247
effort.n.02	trouble.n.04	0.5856389739425587
fact.n.01	insight.n.03	0.11357123733359265
job.n.05	management.n.01	0.2596626515549234
cancer.n.01	illness.n.01	0.2631081163520014
word.n.01	newspaper.n.04	0.10982506235425127
composer.n.01	writer.n.01	0.11316312757936987
actor.n.01	singer.n.01	0.3996698142746324
shelter.n.01	hovel.n.01	0.3387297489129853
toilet.n.01	kitchen.n.01	0.17917714290842948
cabin.n.01	hovel.n.01	0.07005041326751237
door.n.05	kitchen.n.01	0.1286875786145336
value.n.06	belief.n.01	0.1575290755191317
wisdom.n.03	intelligence.n.01	0.1755604517586835
ignorance.n.01	intelligence.n.01	0.08516860539333451
happiness.n.02	fortune.n.04	0.0988792139879057
idea.n.01	scheme.n.01	0.23807680898750347
temper.n.02	emotion.n.01	0.17655268571083116
happiness.n.02	peace.n.03	0.1157733438893779
despair.n.02	misery.n.02	0.08624480244883036
logic.n.01	arithmetic.n.01	0.07787559949503374
denial.n.02	confession.n.04	0.14427089951774696
argumentation.n.02	criticism.n.02	0.11660987561156826
aggression.n.01	hostility.n.01	0.7157921601013835
craze.n.02	confusion.n.02	0.08928859830431456
chemistry.n.01	hypothesis.n.02	0.08158381172538907
trial.n.04	verdict.n.01	0.1281467223170205
comfort.n.01	safety.n.01	0.11040048700124644
assurance.n.01	self.n.01	0.11656288482036752
vision.n.03	perception.n.03	0.25889525573331523
era.n.01	decade.n.01	0.1155091796318051
biography.n.01	fiction.n.01	0.09880958998959077
discussion.n.02	argument.n.03	0.3849754795258486
code.n.03	symbol.n.01	0.1646266031765139
danger.n.01	disease.n.01	0.11263791869440223
accident.n.01	calamity.n.01	0.3208124568221782
journey.n.01	trip.n.01	0.8046912646845094
activity.n.01	motion.n.06	0.28421466025355774
chitchat.n.01	news.n.02	0.06978257485008289
father.n.06	god.n.01	0.5162482169261687
action.n.01	course.n.04	0.2703529026474672
fever.n.02	illness.n.01	0.0732187277930794
air_travel.n.01	flight.n.02	1.8043320659771367
game.n.01	action.n.01	0.16573862735119116
atom.n.02	air.n.06	0.09392154641703018
family.n.01	state.n.04	0.22831347659601084
bible.n.01	literature.n.03	0.11451868021646278
adult.n.01	defender.n.01	0.13674203478347335
newspaper.n.02	data.n.01	0.08692927931034497
communication.n.02	television.n.01	0.07986649157568053
cousin.n.01	uncle.n.01	0.1074628383254109
writer.n.01	subscriber.n.02	0.09339746084605856
guy.n.01	spouse.n.01	0.07737939331500485
area.n.01	corner.n.10	0.2337908547694725
ballad.n.01	song.n.01	0.8495571101674708
wall.n.01	decoration.n.01	0.0938615124496407
word.n.01	page.n.01	0.11682408680134228
nurse.n.01	scientist.n.01	0.08176749798487415
politician.n.02	president.n.04	0.19812889475686213
president.n.04	mayor.n.01	0.11307344368105117
book.n.10	essay.n.01	0.14761546819777574
serviceman.n.01	warrior.n.01	0.08942576438808933
article.n.01	journal.n.04	0.11457684828960842
breakfast.n.01	supper.n.01	0.20426988441640995
crowd.n.01	parade.n.02	0.07140669032659319
aisle.n.02	hallway.n.01	0.14084285002930255
teacher.n.01	rabbi.n.01	0.06257779188297324
hip.n.05	lip.n.02	0.10856375542854235
book.n.10	article.n.03	0.2109621108467504
room.n.01	cell.n.07	0.38031005407226376
box.n.08	booth.n.01	0.10685714785499942
daughter.n.01	child.n.02	0.6605620993514933
limb.n.01	leg.n.01	0.8860421033658945
liver.n.01	lung.n.01	0.18100868672324683
classroom.n.01	hallway.n.01	0.06234391081486768
mountain.n.01	ledge.n.01	0.1421339035599519
car.n.01	elevator.n.01	0.08362515487634059
bed.n.01	couch.n.03	0.2792219836667145
apparel.n.01	push_button.n.01	0.0691183408314352
apparel.n.01	coat.n.01	0.1546136005603331
kidney.n.01	organ.n.01	0.17731603382817723
apple.n.01	sauce.n.01	0.06878844005636515
chicken.n.01	steak.n.01	0.11821204166075319
car.n.01	hosiery.n.01	0.07048603553591652
tobacco.n.01	cigarette.n.01	2.342917719232008
scholar.n.01	professor.n.01	0.08179349503375358
baby.n.01	daughter.n.01	0.22471613593531986
pipe.n.02	cigar.n.01	0.05460930577513872
milk.n.04	juice.n.01	0.130852865724958
box.n.01	cigar.n.01	0.052535818712970264
apartment.n.01	hotel.n.01	0.10850768306976265
cup.n.05	cone.n.03	0.10923056334986933
horse.n.01	ox.n.02	0.18570132028802563
throat.n.02	nozzle.n.01	0.13880970005614301
bone.n.01	tooth.n.01	1.0195454478232653
bone.n.01	elbow.n.05	0.08878784980328379
bacon.n.01	bean.n.01	0.0900346266077019
cup.n.02	jar.n.02	0.10959950521196243
proof.n.01	fact.n.01	0.1861766052008809
appointment.n.05	engagement.n.05	0.09418723651737057
birthday.n.01	year.n.01	0.09063467300888652
password.n.01	clue.n.02	0.1863630965800539
generator.n.03	creator.n.02	0.3177160212280945
atom.n.02	carbon.n.01	0.10651226356482937
archbishop.n.01	bishop.n.01	0.6781207998666521
letter.n.01	paragraph.n.01	0.0974001456253013
page.n.01	paragraph.n.01	0.05178620760105222
steeple.n.01	chapel.n.01	0.06737980996549486
muscle.n.02	bone.n.01	0.26826635301570073
muscle.n.01	tongue.n.01	0.13214687224008373
son.n.01	soldier.n.01	0.09066397197274266
belly.n.02	abdomen.n.01	0.09324084021617172
guy.n.01	girl.n.01	0.1340186328012331
bed.n.01	chair.n.01	0.20493946979347838
apparel.n.01	jacket.n.01	0.134129417960836
gun.n.01	knife.n.02	0.2470779544631473
tin.n.01	metallic_element.n.01	0.14649474067697113
bottle.n.01	container.n.01	0.2260548360406504
hen.n.01	turkey.n.01	0.46398971919502496
meat.n.01	bread.n.01	0.27764108745338273
arm.n.01	bone.n.01	0.11544286538539214
neck.n.01	spinal_column.n.01	0.11118906974428794
apple.n.02	lemon.n.03	0.22356600739306098
agony.n.02	grief.n.02	0.09050896065346246
assignment.n.05	undertaking.n.01	0.47240010784629294
night.n.06	dawn.n.01	0.3701809730852499
dinner.n.01	soup.n.01	0.1515021075679273
calf.n.01	bull.n.11	0.0797582573533984
snow.n.01	storm.n.01	0.13680706023282663
nail.n.03	hand.n.09	0.13312940307653137
dog.n.01	horse.n.01	0.16898818007842006
arm.n.01	neck.n.01	0.13089694289164008
ball.n.01	boxing_glove.n.01	0.10226222078572496
influenza.n.01	fever.n.02	0.054422605087066984
fee.n.01	wage.n.01	0.22086324868774537
nerve.n.01	brain.n.01	0.08084862136115537
beast.n.02	animal.n.01	0.091274375306332
dinner.n.01	chicken.n.01	0.07437739844326334
girl.n.01	maid.n.02	0.31872829447988543
child.n.02	son.n.01	1.0327906158090907
alcohol.n.01	wine.n.01	0.8718070462494156
nozzle.n.01	mouth.n.08	0.15142672616869238
street.n.01	car.n.01	0.08584246482185358
doorbell.n.01	door.n.01	0.06614498711006747
box.n.01	hat.n.01	0.07380882569534644
belief.n.01	impression.n.01	0.17083976832771555
bias.n.01	opinion.n.01	0.08064606550098477
attention.n.01	awareness.n.01	0.15593827561562826
anger.n.01	temper.n.02	0.12511699240132068
elegance.n.01	dash.n.01	0.8623305049665028
beauty.n.01	age.n.01	0.08551892510648644
book.n.10	theme.n.03	0.21150688136539644
friend.n.05	mother.n.04	0.19871194839692732
vitamin.n.01	iron.n.01	0.0879846828115897
cable_car.n.01	factory.n.01	0.09861039439494255
treaty.n.01	condition.n.07	0.13686327816353616
chapter.n.05	choice.n.02	0.07930993298704242
arithmetic.n.01	rhythm.n.04	0.05973417846277284
achiever.n.01	presence.n.02	0.0696083908096651
belief.n.01	flower.n.03	0.07594859257347765
achiever.n.01	goal.n.01	0.07451510276593909
whoremaster.n.01	size.n.02	0.06409297900237525
choice.n.02	vein.n.02	0.059591410914145174
hymn.n.01	seduction.n.02	0.05000915320403257
endurance.n.01	set.n.05	0.06789726146211421
jail.n.01	choice.n.02	0.056101043962391295
condition.n.01	son.n.01	0.08304892548022119
flower.n.03	endurance.n.01	0.05775011115375451
fix.n.01	agreement.n.03	0.08549912485338841
doctor.n.01	temper.n.02	0.05626572673996877
brotherhood.n.02	door.n.03	0.05138730500708771
undertaking.n.01	woman.n.01	0.07996282146615964
brotherhood.n.02	baseball.n.01	0.05000589489417895
penny.n.02	size.n.02	0.06744645677052476
presence.n.04	door.n.03	0.09213879227060444
shiner.n.01	management.n.01	0.05809875348757814
undertaking.n.01	highway.n.01	0.06411885103901988
liquor.n.01	hundred.n.01	0.06507155951857209
undertaking.n.01	pale_yellow.n.01	0.062033294705968335
island.n.01	undertaking.n.01	0.07729721430657133
night.n.01	chapter.n.02	0.09654254718454616
contamination.n.03	president_of_the_united_states.n.02	0.061759793600345815
gun.n.01	whoremaster.n.01	0.07567122000525887
bath.n.02	magic_trick.n.01	0.06851637286135852
diet.n.01	apple.n.01	0.06623857950758137
penny.n.02	wife.n.01	0.05726235237032584
chapter.n.02	fag_end.n.01	0.06421618226273912
path.n.04	stomach.n.01	0.06000523615099706
hymn.n.01	pale_yellow.n.01	0.04726011783022249
dentist.n.01	colonel.n.01	0.05853155552664114
wife.n.01	straw.n.04	0.058510133475637015
hole.n.02	wife.n.01	0.07516519410755855
student.n.01	president_of_the_united_states.n.01	0.09898968097127848
bathtub.n.01	wife.n.01	0.06291938380845491
people.n.01	penny.n.02	0.07587006393642022
formula.n.06	log.n.01	0.06791589210472862
woman.n.01	fur.n.01	0.06818903265989114
apple.n.01	sunlight.n.01	0.05414594915897062
gun.n.07	dawn.n.02	0.06995591457801036
meal.n.01	shank.n.06	0.05418240411511167
television_camera.n.01	president_of_the_united_states.n.01	0.06802157323771742
liquor.n.01	set.n.05	0.06958488923237549
stomach.n.01	vein.n.01	0.08201009267004736
gun.n.01	fur.n.03	0.06822587791345731
sofa.n.01	baseball.n.02	0.06926227657058313
worker.n.01	television_camera.n.01	0.08240187015643205
deck.n.02	mouse.n.04	0.06226753151222506
rice.n.04	son.n.01	0.07088022249728315
people.n.01	gun.n.01	0.07654164175252405
cliff.n.01	buttocks.n.01	0.06553036489922591
ankle.n.01	window.n.08	0.052604802220744484
princess.n.01	island.n.01	0.06275440348362245
container.n.01	mouse.n.04	0.09741383126123293
wagon.n.01	container.n.01	0.20066938519533475
people.n.01	balloon.n.01	0.05789794566491509
dollar.n.02	people.n.01	0.07428053338234339
bathtub.n.01	balloon.n.01	0.06296991097974053
stomach.n.01	bedroom.n.01	0.05514664135279806
bicycle.n.01	bedroom.n.01	0.06984666976884442
log.n.05	bathtub.n.01	0.06512745563660279
bowl.n.02	tail.n.03	0.10685892740790377
