wife.n.01	husband.n.01	0.6097481130888515	2.538973871058276
book.n.01	textbook.n.01	0.25925442577224833	2.9444389791664407
groom.n.03	bride.n.01	0.597379974977517	2.538973871058276
night.n.01	day.n.04	0.1664197631689892	2.538973871058276
south.n.03	north.n.03	0.21714724095162596	2.538973871058276
airplane.n.01	airport.n.01	0.0751410233785908	1.4403615823901665
uncle.n.01	aunt.n.01	0.09748911367625111	2.0281482472922856
horse.n.01	mare.n.01	0.23782951347935777	2.9444389791664407
bottom.n.04	top.n.04	0.4716394839257514	2.538973871058276
friend.n.01	buddy.n.01	0.27772137971401123	2.9444389791664407
scholar.n.01	student.n.01	0.0984253784312118	2.0281482472922856
universe.n.01	earth.n.01	0.18502071527843789	1.845826690498331
leg.n.01	arm.n.01	0.5619881204193795	2.538973871058276
airplane.n.01	jet.n.01	0.36343346031581675	2.9444389791664407
woman.n.01	man.n.01	0.47933779950197786	2.538973871058276
horse.n.01	colt.n.01	0.11822691202711509	1.2396908869280152
actress.n.01	actor.n.01	0.5236856458770044	2.9444389791664407
teacher.n.02	teacher.n.01	0.05140335726512141	0.8649974374866046
movie.n.01	film.n.02	0.08962451664348241	1.845826690498331
bird.n.01	hawk.n.01	0.363785555979097	2.538973871058276
word.n.01	dictionary.n.01	0.0722852926475355	0.7472144018302211
money.n.02	wage.n.01	0.14700466496270415	1.3350010667323402
dog.n.01	cat.n.01	0.537382154955756	2.0281482472922856
area.n.01	region.n.03	0.5850430374384089	2.9444389791664407
navy.n.01	army.n.01	0.3917334170133646	2.538973871058276
bible.n.01	literature.n.01	0.14174812646808196	2.2512917986064953
apparel.n.01	closet.n.04	0.07899738107463986	1.55814461804655
sunset.n.01	dawn.n.01	0.23229683282623567	2.538973871058276
child.n.01	adult.n.01	0.1463037752899517	2.538973871058276
cow.n.01	cattle.n.01	0.7417995093673414	2.9444389791664407
bible.n.01	story.n.02	0.14609104694844063	2.0281482472922856
winter.n.01	summer.n.01	0.3664918312347809	2.538973871058276
cab.n.03	cab.n.01	0.06431273791471538	1.55814461804655
tree.n.01	maple.n.02	0.2312602502038118	2.538973871058276
bed.n.01	bedroom.n.01	0.08921308890612942	1.845826690498331
roof.n.01	ceiling.n.01	0.07699460215982507	1.55814461804655
disease.n.01	infection.n.01	0.2738272743321013	2.2512917986064953
arm.n.01	shoulder.n.01	0.1390571379782457	2.538973871058276
sheep.n.01	lamb.n.01	0.10203245779783271	2.0281482472922856
lady.n.01	gentleman.n.01	0.10551301982795913	2.0281482472922856
boat.n.01	anchor.n.01	0.08236164796311998	1.4403615823901665
priest.n.01	monk.n.01	0.06764402367259956	1.6916760106710724
toe.n.01	finger.n.01	0.4976488159039976	2.538973871058276
river.n.01	stream.n.01	3.476059496782198	2.9444389791664407
anger.n.01	fury.n.01	1.0569219086481427	2.9444389791664407
date.n.01	calendar.n.02	0.054033754494324286	1.4403615823901665
sea.n.01	ocean.n.01	0.22403355366618372	2.538973871058276
second.n.01	minute.n.01	0.2049547706847749	2.538973871058276
hand.n.01	thumb.n.01	0.19999811284752886	2.2512917986064953
wood.n.01	log.n.01	0.5737335689720402	2.9444389791664407
mud.n.01	soil.n.02	0.8658269341487546	2.9444389791664407
hallway.n.01	corridor.n.01	3.811494686708424	2.9444389791664407
manner.n.01	manner.n.02	0.10667965221441714	2.2512917986064953
mouse.n.01	cat.n.01	0.15311792865550694	2.0281482472922856
bull.n.05	sheriff.n.01	0.2060140793066154	2.2512917986064953
death.n.01	burial.n.01	0.07438522986164406	1.55814461804655
music.n.01	tune.n.01	0.42721589834962453	2.9444389791664407
beer.n.01	alcohol.n.01	0.6129641353821871	2.538973871058276
mouth.n.01	lip.n.01	0.12383601692930293	1.6916760106710724
storm.n.01	hurricane.n.01	0.5581106265512474	2.2512917986064953
tax.n.01	income.n.01	0.1740668522843519	1.3350010667323402
flower.n.01	violet.n.01	0.13930918344423285	1.6916760106710724
paper.n.01	cardboard.n.01	0.20961352064055258	2.9444389791664407
floor.n.03	ceiling.n.03	0.6292334808469345	2.538973871058276
beach.n.01	seashore.n.01	0.17947964493031324	2.2512917986064953
rod.n.01	curtain.n.01	0.09037151154486817	2.0281482472922856
hound.n.01	fox.n.01	0.18030302765050812	2.0281482472922856
street.n.01	alley.n.01	0.2569491711848754	2.9444389791664407
boat.n.01	deck.n.02	0.07970008170724686	1.845826690498331
car.n.01	horn.n.01	0.10067148830781264	1.845826690498331
friend.n.01	guest.n.01	0.09270722972680154	2.0281482472922856
employer.n.01	employee.n.01	0.08587614760642363	2.0281482472922856
hand.n.01	wrist.n.01	0.12049044383353939	1.55814461804655
ball.n.01	cannon.n.01	0.09764551569888745	2.2512917986064953
alcohol.n.01	brandy.n.01	0.318928988903801	2.538973871058276
victory.n.01	triumph.n.02	0.06107144695023331	1.072636802264849
telephone.n.01	booth.n.02	0.07673818052941192	1.55814461804655
door.n.01	doorway.n.01	0.10215040116638513	1.6916760106710724
motel.n.01	hostel.n.01	0.1594644944519005	2.2512917986064953
apparel.n.01	fabric.n.01	0.1009104616256336	2.0281482472922856
steak.n.01	meat.n.01	0.36343346031581675	2.538973871058276
nail.n.01	thumb.n.01	0.07817880372520238	1.55814461804655
band.n.02	orchestra.n.01	0.4224536454412632	2.538973871058276
script.n.01	bible.n.01	0.11541739999362527	2.538973871058276
commercial_enterprise.n.02	industry.n.02	1.238636212447717	2.9444389791664407
winter.n.01	season.n.02	0.5602019699505189	2.9444389791664407
ten.n.01	hundred.n.01	0.21820608659659368	2.538973871058276
alcohol.n.01	gin.n.01	0.2211514277946646	2.538973871058276
hat.n.01	coat.n.01	0.24292810566843986	2.0281482472922856
window.n.01	door.n.01	0.15018859797173523	2.0281482472922856
arm.n.01	wrist.n.01	0.10906967565080959	1.4403615823901665
house.n.01	apartment.n.01	0.3579329633184959	2.2512917986064953
glass.n.01	quartz_glass.n.01	0.29401410379520615	2.538973871058276
wine.n.01	brandy.n.01	0.21678993118747633	2.2512917986064953
creator.n.02	maker.n.01	0.5267398361158547	2.9444389791664407
dinner.n.01	breakfast.n.01	0.31314119994420464	2.538973871058276
arm.n.01	muscle.n.01	0.1413384341446372	1.55814461804655
bubble.n.01	soapsuds.n.01	1.0014733374185194	2.538973871058276
bread.n.01	flour.n.01	0.19102662863059752	2.2512917986064953
death.n.01	calamity.n.01	0.13087579001708247	1.845826690498331
absence.n.01	presence.n.01	0.09579230187995004	2.0281482472922856
artillery.n.01	cannon.n.01	0.8257022808632754	2.9444389791664407
grass.n.01	sword.n.01	0.07021851181876117	1.6916760106710724
ball.n.01	basket.n.01	0.09018414518923236	2.2512917986064953
hosiery.n.01	garden.n.01	0.06046256604246733	1.072636802264849
son.n.01	child.n.02	0.9326396068376618	2.538973871058276
church.n.01	choir.n.01	0.09426537067446097	1.845826690498331
apparel.n.01	drawer.n.01	0.07616928735377898	1.6916760106710724
tower.n.01	bell.n.01	0.0785691590316191	2.0281482472922856
father.n.01	parent.n.01	1.1448844739308448	2.9444389791664407
school.n.03	mark.n.01	0.13145532035205823	2.0281482472922856
parent.n.01	adult.n.01	0.15400680409185663	2.2512917986064953
barroom.n.01	jail.n.01	0.09056887145155786	1.55814461804655
car.n.01	highway.n.01	0.09601276498767626	1.55814461804655
dictionary.n.01	definition.n.01	0.0587705438901978	0.6931471805599453
door.n.01	basement.n.01	0.1297645720157464	2.2512917986064953
army.n.01	host.n.05	0.3219491750128939	2.9444389791664407
metallic_element.n.01	aluminum.n.01	0.329494395590271	2.9444389791664407
chair.n.01	bench.n.01	0.3953827436809197	2.538973871058276
cloud.n.01	fog.n.01	0.5903957742207674	2.538973871058276
male_child.n.01	son.n.01	0.19782828485175036	2.2512917986064953
water.n.01	ice.n.01	0.11803021961828744	2.0281482472922856
bed.n.01	blanket.n.01	0.08980683793398835	2.9444389791664407
lawyer.n.01	lawyer.n.01	1000.0	1000.0
area.n.01	zone.n.02	0.10920922251178006	2.2512917986064953
business.n.01	company.n.01	0.1662671064883023	2.2512917986064953
apparel.n.01	fabric.n.01	0.1009104616256336	2.0281482472922856
sweater.n.01	jacket.n.01	0.16017438363839556	2.0281482472922856
money.n.02	capital.n.01	0.13268803797046655	1.845826690498331
hand.n.01	foot.n.01	0.47150934889705587	2.2512917986064953
alcohol.n.01	cocktail.n.01	0.2921263515975606	2.538973871058276
yard.n.01	inch.n.01	0.25191671076851224	2.538973871058276
atom.n.02	atom.n.01	0.1192349471298998	2.2512917986064953
lens.n.01	camera.n.01	0.08959975969340511	2.2512917986064953
meal.n.01	dinner.n.01	0.7875500652819191	2.9444389791664407
center.n.01	rip.n.02	0.09247902101042223	1.6916760106710724
god.n.01	satan.n.01	0.28911113821922424	2.538973871058276
loop.n.02	belt.n.01	1000.0	2.9444389791664407
rat.n.01	mouse.n.01	0.4744705388679483	2.538973871058276
motor.n.01	engine.n.01	2.719425108254078	2.9444389791664407
car.n.01	cab.n.03	0.3171848175383499	2.9444389791664407
big_cat.n.01	lion.n.01	1.0913566679372904	2.9444389791664407
size.n.01	magnitude.n.01	0.45539725598460645	2.9444389791664407
world.n.03	illusion.n.02	0.09703803852660368	1.845826690498331
door.n.01	gate.n.01	0.5082039005668976	2.538973871058276
computerized_tomography.n.01	positron_emission_tomography.n.01	1000.0	2.2512917986064953
tin.n.01	aluminum.n.01	0.16474719779513539	2.538973871058276
bone.n.01	jaw.n.01	0.48089834696298817	2.9444389791664407
cereal.n.01	wheat.n.01	0.45511961331341894	2.9444389791664407
house.n.01	key.n.01	0.09466378568227912	1.6916760106710724
blood.n.01	human_body.n.01	0.07304835921326368	1.3350010667323402
doorway.n.01	corridor.n.01	0.1966567005634602	1.6916760106710724
god.n.01	spirit.n.04	0.37081845503709254	2.538973871058276
capability.n.01	competence.n.01	0.3493814870447742	2.538973871058276
abundance.n.01	plenty.n.01	1.0014733374185194	2.9444389791664407
sofa.n.01	chair.n.01	0.4461272801998121	2.538973871058276
wall.n.01	brick.n.01	0.08301187416506864	2.0281482472922856
cornet.n.01	drum.n.01	0.15927792843761152	2.0281482472922856
organ.n.01	liver.n.01	0.24069632787745224	2.538973871058276
strength.n.01	might.n.01	0.5004764780739493	2.9444389791664407
phrase.n.02	discussion.n.02	0.1263675765442248	2.2512917986064953
band.n.06	parade.n.01	0.08385829766311442	1.845826690498331
stomach.n.01	waist.n.01	0.08736891442784075	2.2512917986064953
cloud.n.02	storm.n.01	0.1991179981269567	2.538973871058276
joy.n.01	pride.n.01	0.1453269004194153	2.2512917986064953
noise.n.01	rattle.n.01	0.2875084681149945	2.9444389791664407
rain.n.01	mist.n.01	0.12669327806612923	1.4403615823901665
beer.n.01	beverage.n.01	0.435347794627037	2.2512917986064953
man.n.01	uncle.n.01	0.09031391184165619	2.0281482472922856
apple.n.01	juice.n.01	0.0627316374635944	1.3350010667323402
intelligence.n.01	logic.n.02	0.10811787528020084	1.845826690498331
communication.n.02	language.n.01	0.31954199047495396	2.9444389791664407
mink.n.03	fur.n.02	0.0	2.9444389791664407
mob.n.01	crowd.n.01	0.6819714384107107	2.9444389791664407
shore.n.01	seashore.n.01	1.6154065629778043	2.9444389791664407
wire.n.01	cord.n.01	0.08055729513374446	2.538973871058276
bird.n.01	turkey.n.01	0.2681179750637138	2.538973871058276
bed.n.01	crib.n.01	0.16713157323806327	2.0281482472922856
competence.n.01	ability.n.01	0.4610305405669016	2.9444389791664407
cloud.n.01	haze.n.01	0.35295612386476105	2.538973871058276
supper.n.01	meal.n.01	0.5406635663090158	2.9444389791664407
barroom.n.01	cage.n.01	0.12547511299694733	2.0281482472922856
water.n.01	salt.n.01	0.27348079177329526	2.2512917986064953
sense.n.01	intuition.n.01	0.11328562256958238	1.6916760106710724
situation.n.01	condition.n.01	0.26277671998194707	2.9444389791664407
crime.n.01	larceny.n.01	0.5953649040263879	2.538973871058276
vogue.n.01	fashion.n.03	2.2124621972480587	2.9444389791664407
boundary.n.02	margin.n.01	0.6720082111011034	2.9444389791664407
branch.n.01	body.n.02	0.12647902537801486	2.2512917986064953
boat.n.01	car.n.01	0.23226375144288636	2.0281482472922856
sandwich.n.01	lunch.n.01	0.17823709344539745	1.845826690498331
bride.n.01	princess.n.01	0.053687521747638856	1.55814461804655
heroine.n.01	hero.n.02	0.22091304449878163	2.538973871058276
car.n.01	gauge.n.01	0.10204323552570713	1.55814461804655
insect.n.01	bee.n.01	1.281790721031033	2.538973871058276
crib.n.01	cradle.n.01	0.5581106265512474	2.538973871058276
animal.n.01	person.n.01	0.3335211838096623	2.538973871058276
cannabis.n.02	herb.n.02	0.08115292570002978	1.845826690498331
bed.n.01	hospital.n.01	0.09036675319492449	1.845826690498331
cheek.n.01	tongue.n.01	0.09658033303205914	2.2512917986064953
phonograph_record.n.01	computer.n.01	0.10758368156165965	2.0281482472922856
curve.n.01	angle.n.01	0.17130879520602915	1.845826690498331
grass.n.01	moss.n.01	0.0626041046553684	1.55814461804655
school.n.01	police.n.01	0.15383504155661323	1.845826690498331
foot.n.01	head.n.01	0.22667850580857926	2.538973871058276
mother.n.01	defender.n.01	0.1041522596719875	1.6916760106710724
orthodontist.n.01	dentist.n.01	0.0	2.9444389791664407
alcohol.n.01	whiskey.n.01	0.7913320406525025	2.538973871058276
mouth.n.01	tooth.n.03	0.12837855419099783	2.0281482472922856
breakfast.n.01	bacon.n.01	0.07884679787126606	1.2396908869280152
toilet.n.01	bedroom.n.01	0.15476214884553594	2.538973871058276
plate.n.04	bowl.n.03	0.18065659854899785	2.538973871058276
meat.n.01	bacon.n.01	0.40586832994990807	2.2512917986064953
air.n.01	helium.n.01	0.2318805885114105	2.2512917986064953
worker.n.01	employer.n.01	0.1052808698086107	2.2512917986064953
torso.n.01	thorax.n.02	0.10081908644785534	2.538973871058276
son.n.02	father.n.06	0.3201968272741946	2.538973871058276
heart.n.01	operation.n.06	0.06734949406715145	1.4403615823901665
woman.n.01	secretary.n.01	0.09959647358896745	1.845826690498331
man.n.01	father.n.01	0.12431673704890413	2.2512917986064953
beach.n.01	island.n.01	0.0691576440028534	2.0281482472922856
narrative.n.01	subject.n.01	0.15889674756950115	2.538973871058276
game.n.03	fun.n.01	0.1522508200516955	2.538973871058276
weekend.n.01	week.n.01	0.1136528593272786	2.538973871058276
couple.n.01	pair.n.03	2.3213548231457284	2.9444389791664407
woman.n.01	wife.n.01	0.7782930194125465	2.9444389791664407
sheep.n.01	cattle.n.01	0.419921107251685	2.2512917986064953
purse.n.03	bag.n.01	0.2543347781440424	2.9444389791664407
ceiling.n.01	cathedral.n.01	0.06573521179415087	1.3350010667323402
bean.n.01	coffee.n.01	0.08557755432889157	2.538973871058276
wood.n.01	paper.n.01	0.16509114075487824	2.2512917986064953
top.n.02	side.n.04	0.6563852741272918	2.9444389791664407
crime.n.01	fraud.n.01	0.4374878098740177	2.9444389791664407
pain.n.02	injury.n.01	0.10568673255318516	1.55814461804655
lover.n.01	companion.n.01	0.08793067233812517	2.2512917986064953
evening.n.01	twilight.n.01	0.062373246707938965	1.072636802264849
father.n.01	daughter.n.01	0.1941901446204343	1.845826690498331
wine.n.01	liquor.n.01	0.4561227630098094	2.538973871058276
cow.n.01	goat.n.01	0.21849466863058134	2.0281482472922856
belief.n.01	opinion.n.01	0.521884036329747	2.9444389791664407
world.n.03	illusion.n.01	0.10965377000360682	1.845826690498331
treaty.n.01	agreement.n.01	0.3715755021894395	2.538973871058276
wealth.n.01	poverty.n.01	0.6749439356983921	2.538973871058276
accident.n.01	emergency.n.01	0.09926536443074303	2.0281482472922856
battle.n.01	conquest.n.01	0.0780683295083152	1.845826690498331
friend.n.01	teacher.n.01	0.10032903556308179	1.845826690498331
illness.n.01	infection.n.01	0.3017116658789582	2.538973871058276
game.n.03	antic.n.01	0.12228605910795128	2.538973871058276
brother.n.01	son.n.01	0.17649732049733777	1.845826690498331
aunt.n.01	nephew.n.01	0.10030217547685917	2.0281482472922856
worker.n.01	machinist.n.01	0.16172171867112878	2.2512917986064953
doctor.n.03	orthodontist.n.01	0.0	2.2512917986064953
oak.n.01	maple.n.01	0.19703758657454515	2.538973871058276
bee.n.01	queen.n.01	0.35777387082923967	2.2512917986064953
car.n.01	bicycle.n.01	0.22031136950278232	2.538973871058276
goal.n.01	pursuit.n.02	0.0879284563151722	1.6916760106710724
august.n.01	calendar_month.n.01	0.35373160297570844	2.538973871058276
army.n.01	team.n.01	0.13846642730365813	2.0281482472922856
cloud.n.02	weather.n.01	0.39088541551634676	2.538973871058276
doctor.n.01	doctor_of_the_church.n.01	0.066908469804738	1.4403615823901665
canyon.n.01	valley.n.01	0.46987365015359095	2.538973871058276
river.n.01	valley.n.01	0.0712630239266109	1.4403615823901665
sun.n.01	sky.n.01	0.06833730162943505	1.2396908869280152
target.n.01	arrow.n.01	0.17289355418905547	1.55814461804655
cocoa.n.01	pie.n.01	0.06558334956631803	2.0281482472922856
context.n.02	situation.n.01	0.30485161098953095	2.538973871058276
impression.n.01	option.n.02	0.1025552797436143	1.6916760106710724
rhythm.n.04	tune.n.01	0.07244025024913014	1.55814461804655
intestine.n.01	nerve.n.01	0.08459942043160645	1.4403615823901665
day.n.01	dawn.n.01	0.072441722629615	2.538973871058276
cattle.n.01	beef.n.01	0.48990301823942106	2.9444389791664407
doctor.n.01	professor.n.01	0.2855286896645493	1.6916760106710724
arm.n.01	vein.n.01	0.11719946103716129	1.55814461804655
room.n.01	bathroom.n.01	0.24000008310904927	2.9444389791664407
corporation.n.01	business.n.01	0.640282804844326	2.538973871058276
fun.n.01	football.n.01	0.13771721563659475	2.0281482472922856
hill.n.01	cliff.n.01	0.16643869682579	2.2512917986064953
bone.n.01	ankle.n.01	0.10526528149712296	1.4403615823901665
apple.n.01	candy.n.01	0.06558334956631803	1.1526795099383855
assistant.n.01	maid.n.01	0.1361426346281225	2.0281482472922856
leader.n.01	director.n.01	0.41120831681950903	2.538973871058276
lemon.n.01	tea.n.01	0.07332273503363933	1.55814461804655
bee.n.01	ant.n.01	0.41277027455498855	2.538973871058276
basketball.n.01	baseball.n.01	0.2760070611038938	2.538973871058276
rice.n.01	bean.n.01	0.07180804230074005	1.6916760106710724
bed.n.01	furniture.n.01	0.6656936967121504	2.538973871058276
emotion.n.01	passion.n.01	0.181665556858051	2.538973871058276
anarchy.n.01	chaos.n.01	0.1957630753893849	2.2512917986064953
crime.n.01	misdemeanor.n.01	0.4691251619904682	2.9444389791664407
machine.n.01	engine.n.01	0.5552544459024225	2.538973871058276
beach.n.01	sea.n.01	0.06348516491804658	1.6916760106710724
alley.n.01	stadium.n.01	0.06156814142605605	1.6916760106710724
jar.n.01	bottle.n.01	0.3310721190722186	2.538973871058276
military_capability.n.01	capability.n.01	0.9341940521626027	2.9444389791664407
source.n.03	mustard.n.03	0.0	1.3350010667323402
guitar.n.01	drum.n.01	0.17027453775734602	2.0281482472922856
impression.n.01	idea.n.01	0.3559133804725205	2.9444389791664407
north.n.03	west.n.02	0.3338082006953341	2.538973871058276
diet.n.01	salad.n.01	0.09500468763275778	1.845826690498331
mother.n.01	wife.n.01	0.270739857310641	2.2512917986064953
dad.n.01	mother.n.01	0.3909611586470567	2.2512917986064953
master.n.07	sailor.n.01	0.798235600147928	2.2512917986064953
meter.n.01	yard.n.01	0.1810638236263184	2.2512917986064953
beer.n.01	champagne.n.01	0.22928176039404402	1.845826690498331
motor.n.01	boat.n.01	0.10017942914742259	1.6916760106710724
card.n.01	bridge.n.03	0.0714409057775737	2.0281482472922856
science.n.01	psychology.n.01	0.3174721139801554	2.9444389791664407
sinner.n.01	ideal.n.02	0.0639771940497019	1.845826690498331
destruction.n.01	construction.n.01	0.08465635671036285	1.4403615823901665
crowd.n.01	crowd.n.02	0.1450340408303544	2.538973871058276
beach.n.01	reef.n.01	0.11606064770723266	2.0281482472922856
man.n.01	child.n.01	0.1331133838589104	2.538973871058276
bread.n.01	cheese.n.01	0.17729435917357145	2.2512917986064953
champion.n.01	winner.n.01	0.123710822075331	2.2512917986064953
celebration.n.01	ceremony.n.01	0.32468575335216376	2.538973871058276
menu.n.01	decree.n.01	0.06710016736387524	1.55814461804655
king.n.01	princess.n.01	0.05959306721450286	1.845826690498331
wealth.n.01	prestige.n.01	0.08004241637774841	1.6916760106710724
endurance.n.01	strength.n.01	0.4374878098740177	2.9444389791664407
danger.n.03	menace.n.01	1.9576151889712117	2.9444389791664407
god.n.01	priest.n.01	0.0731863626118715	2.0281482472922856
work_force.n.01	fraternity.n.01	0.08345191959567427	2.0281482472922856
buddy.n.01	companion.n.01	0.21656906776194518	2.538973871058276
teacher.n.01	assistant.n.01	0.08716123929613459	1.6916760106710724
torso.n.01	stomach.n.01	0.09739883267083486	2.538973871058276
tongue.n.01	throat.n.01	0.10081908644785534	2.0281482472922856
house.n.01	rug.n.01	0.08829365764189902	1.6916760106710724
intelligence.n.01	skill.n.01	0.1647145103299773	2.538973871058276
journey.n.01	conquest.n.02	0.09340908640160116	1.4403615823901665
god.n.01	prey.n.01	0.06020877100242935	1.6916760106710724
brother.n.01	person.n.01	0.15996060387018496	2.538973871058276
adversary.n.01	opposition.n.04	0.06814282933880023	2.2512917986064953
death.n.01	calamity.n.01	0.13087579001708247	2.0281482472922856
monster.n.01	devil.n.02	0.07634706078918994	2.0281482472922856
day.n.04	morning.n.01	0.1497338093073744	2.538973871058276
man.n.01	victor.n.01	0.08712352334066392	2.2512917986064953
friend.n.01	guy.n.01	0.0948025970675825	2.0281482472922856
song.n.01	narrative.n.01	0.1124085082358227	1.845826690498331
beam.n.04	sunlight.n.01	0.2788786444880515	2.538973871058276
guy.n.02	stud.n.05	0.0	2.538973871058276
chicken.n.01	rice.n.01	0.0816190588685445	1.6916760106710724
box.n.01	elevator.n.01	0.08925938409694249	1.845826690498331
butter.n.01	potato.n.01	0.1282080601925376	2.0281482472922856
apartment.n.01	furniture.n.01	0.10721060421196611	1.6916760106710724
lake.n.01	swamp.n.01	0.05859483777304393	1.55814461804655
salad.n.01	vinegar.n.01	0.07933210018314729	1.4403615823901665
flower.n.02	bulb.n.01	0.1469108515996317	2.0281482472922856
cloud.n.01	mist.n.01	0.38313151731833583	2.2512917986064953
driver.n.02	pilot.n.01	0.0935195942680743	2.0281482472922856
sugar.n.01	honey.n.01	0.6213349345596108	2.538973871058276
torso.n.01	shoulder.n.01	0.10786637010475257	2.538973871058276
idea.n.01	image.n.01	0.20558009208278483	2.2512917986064953
father.n.01	brother.n.01	0.19982375896955507	2.0281482472922856
moon.n.01	planet.n.01	0.38898470237677696	2.2512917986064953
ball.n.01	costume.n.01	0.07789592960777297	1.6916760106710724
railing.n.01	fence.n.01	0.2086116542640213	2.538973871058276
room.n.01	bed.n.01	0.11752553204686578	2.0281482472922856
flower.n.01	shrub.n.01	0.2237022630619624	1.845826690498331
bone.n.01	knee.n.01	0.1337716301175819	1.6916760106710724
sleeve.n.01	knee.n.03	0.1579996847598765	2.538973871058276
bottom.n.01	side.n.04	0.7620868562642753	2.9444389791664407
vessel.n.01	vein.n.01	0.5960732497568382	2.538973871058276
cat.n.01	rabbit.n.01	0.14341550868250066	1.6916760106710724
meat.n.01	sandwich.n.01	0.0909739314866847	1.3350010667323402
belief.n.01	concept.n.01	0.3447405827718733	2.538973871058276
intelligence.n.01	insight.n.03	0.0842027983124466	2.0281482472922856
care.n.01	pastime.n.01	0.0940659067221849	2.0281482472922856
position.n.04	assurance.n.01	0.08580625386720174	1.55814461804655
right.n.07	justice.n.01	0.3396232718951088	2.9444389791664407
argumentation.n.02	agreement.n.04	0.20854135649191988	2.2512917986064953
depth.n.01	magnitude.n.01	0.3175621694870519	2.538973871058276
medium.n.01	news.n.02	0.06793057893537825	1.6916760106710724
achiever.n.01	campaigner.n.01	0.0639771940497019	2.538973871058276
birthday.n.02	date.n.01	0.28853900817779277	2.9444389791664407
fee.n.01	payment.n.01	0.25097364693690416	2.0281482472922856
bible.n.01	hymn.n.01	0.0803447967227971	1.3350010667323402
exit.n.01	doorway.n.01	0.07498913385169428	1.6916760106710724
man.n.01	lookout.n.01	0.08885087791408808	1.6916760106710724
aisle.n.02	hallway.n.01	0.27731938107388154	2.2512917986064953
whiskey.n.01	gin.n.01	0.2296090809994775	2.538973871058276
blood.n.01	kernel.n.03	0.06523626881973955	1.55814461804655
oil.n.02	mink.n.03	0.0	1.3350010667323402
floor.n.01	deck.n.01	0.29093216021724044	2.2512917986064953
ceiling.n.03	floor.n.03	0.6292334808469345	2.538973871058276
door.n.01	floor.n.02	0.14405781386927383	2.538973871058276
shoulder.n.01	head.n.01	0.15400382610467153	2.2512917986064953
wagon.n.01	carriage.n.02	0.19563539100655225	2.538973871058276
car.n.02	passenger_car.n.01	0.5865969315659691	2.9444389791664407
elbow.n.01	ankle.n.01	0.21411883458683656	2.0281482472922856
wealth.n.01	fame.n.01	0.07724774875461289	1.55814461804655
sorrow.n.02	shame.n.01	0.11473857844526075	2.2512917986064953
administration.n.02	management.n.02	0.6417889510498096	2.9444389791664407
communication.n.02	conversation.n.01	0.20644726698049698	2.2512917986064953
pollution.n.01	atmosphere.n.01	0.09225443830808577	2.2512917986064953
anatomy.n.01	biology.n.01	1.2682994037090263	2.538973871058276
college.n.01	profession.n.01	0.21821209823829152	2.2512917986064953
record.n.05	subject.n.01	0.11338995096969609	2.0281482472922856
formula.n.01	equation.n.01	0.7107756763837192	2.538973871058276
record.n.05	information.n.01	0.23685705729290818	2.538973871058276
son.n.01	spouse.n.01	0.2547856274066192	2.2512917986064953
sky.n.01	universe.n.01	0.07102017133018922	1.3350010667323402
population.n.01	people.n.01	0.327890407778306	2.9444389791664407
college.n.01	class.n.03	0.10796822708542314	2.0281482472922856
head.n.04	mayor.n.01	0.1860624184532569	2.2512917986064953
rabbi.n.01	curate.n.01	0.23411133889473484	2.2512917986064953
meter.n.01	inch.n.01	0.19615415408661602	2.2512917986064953
polyester.n.03	cotton.n.02	0.0	2.538973871058276
lawyer.n.01	banker.n.01	0.07212858874623954	1.845826690498331
violin.n.01	musical_instrument.n.01	0.3443330432132962	2.2512917986064953
camp.n.01	cabin.n.02	0.13922503259904717	2.0281482472922856
pot.n.01	appliance.n.01	0.08493399449832714	2.0281482472922856
linen.n.01	fabric.n.01	0.24182822778190344	2.9444389791664407
whiskey.n.01	champagne.n.01	0.2503930452903811	1.845826690498331
daughter.n.01	child.n.02	0.5664526204798496	2.538973871058276
bungalow.n.01	cabin.n.02	0.12864366464655763	2.538973871058276
bird.n.01	hen.n.01	0.5907304277710822	2.9444389791664407
racket.n.01	noise.n.01	0.25069039843899676	2.9444389791664407
sunset.n.01	evening.n.01	0.05978836605039674	1.3350010667323402
drizzle.n.01	rain.n.01	0.5065648201964182	2.9444389791664407
adult.n.01	baby.n.01	0.11150663852239406	2.538973871058276
charcoal.n.01	coal.n.01	0.3106674672798057	2.2512917986064953
torso.n.01	spinal_column.n.01	0.08292683311052446	2.2512917986064953
head.n.01	nail.n.01	0.11039605714451699	2.538973871058276
log.n.01	lumber.n.01	0.05990420118948757	1.55814461804655
spoon.n.01	cup.n.01	0.21956140295488338	2.538973871058276
torso.n.01	nerve.n.01	0.08581217635225075	1.6916760106710724
man.n.01	husband.n.01	0.11567723836405189	2.0281482472922856
bone.n.01	neck.n.01	0.12627286244482788	1.6916760106710724
frustration.n.01	anger.n.01	0.12678152346799487	2.538973871058276
river.n.01	sea.n.01	0.33090010844577955	2.2512917986064953
undertaking.n.01	job.n.02	0.2051296906441583	2.538973871058276
club.n.02	society.n.01	0.11722708118952303	2.0281482472922856
reflection.n.05	picture.n.01	0.2969742043733702	2.9444389791664407
prince.n.01	king.n.01	0.062160725801958625	1.845826690498331
snow.n.01	weather.n.01	0.44628717623974334	2.538973871058276
people.n.01	party.n.02	0.1272590042035658	2.0281482472922856
son.n.01	brother.n.01	0.17649732049733777	2.0281482472922856
ancestor.n.01	grass.n.01	0.09805034747289669	1.845826690498331
brow.n.01	eye.n.01	0.1314976383464944	1.845826690498331
money.n.01	drop.n.01	0.06675714077594776	1.2396908869280152
money.n.02	diamond.n.02	0.06933626985328825	1.3350010667323402
vehicle.n.01	bus.n.01	0.1756765719769018	2.2512917986064953
cab.n.03	bus.n.01	0.09692503895458388	2.538973871058276
house.n.01	barn.n.01	0.22711935677936423	2.2512917986064953
finger.n.01	palm.n.01	0.09583944130833773	2.538973871058276
car.n.01	bridge.n.02	0.0927592421410172	1.845826690498331
effort.n.02	trouble.n.04	0.6765433377646061	2.9444389791664407
fact.n.01	insight.n.03	0.10028227035700203	2.0281482472922856
job.n.05	management.n.01	0.16506914214067478	2.2512917986064953
cancer.n.01	illness.n.01	0.39224220681590577	2.0281482472922856
word.n.01	newspaper.n.02	0.0739730726350017	1.6916760106710724
composer.n.01	writer.n.01	0.09022804331738846	1.6916760106710724
actor.n.01	singer.n.01	0.2696056747260653	2.2512917986064953
shelter.n.01	hut.n.01	0.4788514103590776	2.9444389791664407
toilet.n.01	kitchen.n.01	0.16911996831007448	2.538973871058276
cabin.n.01	hut.n.01	0.08773472001364545	1.845826690498331
door.n.01	kitchen.n.01	0.1389769463718506	2.538973871058276
value.n.01	belief.n.01	0.16843061049424102	2.2512917986064953
wisdom.n.03	intelligence.n.01	0.15364937986247537	2.2512917986064953
ignorance.n.01	intelligence.n.01	0.0809972806477412	2.0281482472922856
happiness.n.02	fortune.n.04	0.1121139163766585	2.0281482472922856
idea.n.01	scheme.n.01	0.24248342271416815	2.538973871058276
temper.n.02	emotion.n.01	0.21108778123784142	2.538973871058276
happiness.n.02	peace.n.03	0.11647156457357227	2.0281482472922856
despair.n.01	misery.n.01	0.08752325135963455	2.2512917986064953
logic.n.01	arithmetic.n.01	0.10197674570480018	1.55814461804655
denial.n.02	confession.n.01	0.07710002996595523	2.2512917986064953
argumentation.n.02	criticism.n.02	0.11983937458444911	1.845826690498331
aggression.n.01	hostility.n.01	0.7007137126891394	2.9444389791664407
craze.n.02	confusion.n.02	0.11110864978943477	1.6916760106710724
chemistry.n.01	hypothesis.n.02	0.09918888611208387	1.55814461804655
trial.n.04	verdict.n.01	0.11167352842054849	1.845826690498331
comfort.n.01	safety.n.01	0.11487286378681918	2.538973871058276
assurance.n.01	self.n.01	0.1696572954377621	2.0281482472922856
vision.n.03	perception.n.03	0.3387614605573699	2.538973871058276
era.n.01	decade.n.01	0.12314544523355964	2.538973871058276
biography.n.01	fiction.n.01	0.09612350426206527	1.3350010667323402
discussion.n.02	argument.n.03	0.6727764547895305	2.9444389791664407
code.n.03	symbol.n.01	0.10729357082083181	2.0281482472922856
danger.n.01	disease.n.01	0.1373286301645839	1.6916760106710724
accident.n.01	calamity.n.01	0.5250627434511742	2.2512917986064953
journey.n.01	trip.n.01	0.986139901664915	2.9444389791664407
activity.n.01	motion.n.06	0.2422260671422538	2.0281482472922856
chitchat.n.01	news.n.02	0.08011071713450195	1.4403615823901665
father.n.06	god.n.01	0.2334492336173632	2.2512917986064953
action.n.01	course.n.04	0.26500846135032735	2.9444389791664407
fever.n.02	illness.n.01	0.09478613162056322	1.3350010667323402
air_travel.n.01	flight.n.02	1000.0	2.9444389791664407
game.n.01	action.n.01	0.16522738536875292	2.2512917986064953
atom.n.02	air.n.01	0.11212090500300977	2.0281482472922856
family.n.01	state.n.04	0.21025930362418174	2.2512917986064953
bible.n.01	literature.n.01	0.14174812646808196	2.2512917986064953
adult.n.01	defender.n.01	0.14365328841612154	2.2512917986064953
newspaper.n.02	data.n.01	0.09303743302356036	1.3350010667323402
communication.n.02	television.n.01	0.0847960820576322	1.1526795099383855
cousin.n.01	uncle.n.01	0.09965706004142075	2.2512917986064953
writer.n.01	reader.n.01	0.08617476158036777	2.0281482472922856
guy.n.01	spouse.n.01	0.09194092966157434	2.0281482472922856
area.n.05	corner.n.03	0.3094606811495473	2.9444389791664407
ballad.n.01	song.n.01	0.32512131287344853	2.9444389791664407
wall.n.01	decoration.n.01	0.10792028581702673	2.2512917986064953
word.n.01	page.n.01	0.14627351960337512	1.4403615823901665
nurse.n.01	scientist.n.01	0.07050370950429252	2.0281482472922856
politician.n.02	president.n.01	0.16841170171999809	2.2512917986064953
president.n.01	mayor.n.01	0.12909691570265483	2.0281482472922856
bible.n.01	essay.n.01	0.13118623442100594	2.2512917986064953
man.n.01	warrior.n.01	0.09031391184165619	2.538973871058276
article.n.01	journal.n.04	0.09491905759364444	2.2512917986064953
breakfast.n.01	supper.n.01	0.2650223933632412	2.538973871058276
crowd.n.01	parade.n.01	0.07850963939344886	1.6916760106710724
aisle.n.02	hallway.n.01	0.27731938107388154	2.2512917986064953
teacher.n.01	rabbi.n.01	0.07217289308960939	1.55814461804655
hip.n.01	lip.n.01	0.09654767238097259	2.2512917986064953
book.n.01	article.n.01	0.1792286514710779	2.538973871058276
room.n.01	cell.n.02	0.09645055837499256	2.9444389791664407
box.n.02	booth.n.02	0.12889976070816195	2.0281482472922856
daughter.n.01	child.n.02	0.5664526204798496	2.538973871058276
limb.n.01	leg.n.01	0.9495324323204483	2.9444389791664407
liver.n.01	lung.n.01	0.2776337107822089	2.2512917986064953
classroom.n.01	hallway.n.01	0.07654557415652699	1.3350010667323402
mountain.n.01	ledge.n.01	0.16861018213214415	2.2512917986064953
car.n.01	elevator.n.01	0.09737315187340216	1.6916760106710724
bed.n.01	sofa.n.01	0.2320544472338752	2.9444389791664407
apparel.n.01	push_button.n.01	0.07973931966926615	2.0281482472922856
apparel.n.01	coat.n.01	0.25008370308176325	2.2512917986064953
kidney.n.01	organ.n.01	0.22960618836740063	2.2512917986064953
apple.n.01	sauce.n.01	0.06011758897126242	1.072636802264849
chicken.n.01	steak.n.01	0.26115837055027125	1.845826690498331
car.n.01	hosiery.n.01	0.08448323862313856	1.4403615823901665
tobacco.n.01	cigarette.n.01	1.9111391257032007	2.538973871058276
scholar.n.01	professor.n.01	0.08539287667111461	1.55814461804655
baby.n.01	daughter.n.01	0.2647179538468942	2.2512917986064953
pipe.n.02	cigar.n.01	0.0586130575643124	0.9295359586241757
milk.n.01	juice.n.01	0.1708259519515551	2.538973871058276
box.n.01	cigar.n.01	0.060502508718086406	0.9985288301111273
apartment.n.01	hotel.n.01	0.12224544603620809	2.0281482472922856
cup.n.03	cone.n.02	0.08250407938902174	2.2512917986064953
horse.n.01	ox.n.01	0.161282196823558	1.4403615823901665
throat.n.02	nozzle.n.01	0.1680490789293225	2.2512917986064953
bone.n.01	tooth.n.01	1.1422452422715799	2.9444389791664407
bone.n.01	elbow.n.01	0.10812571307276843	1.6916760106710724
bacon.n.01	bean.n.01	0.126744881544843	1.4403615823901665
cup.n.01	jar.n.01	0.1349381852784162	2.538973871058276
proof.n.01	fact.n.01	0.18536058961351135	2.2512917986064953
appointment.n.01	employment.n.03	0.09144010619755245	2.2512917986064953
birthday.n.01	year.n.01	0.12831935574401418	1.845826690498331
discussion.n.02	clue.n.02	0.10038699122226885	2.0281482472922856
generator.n.03	creator.n.02	0.28062470074530477	2.538973871058276
atom.n.02	carbon.n.01	0.10905646030279896	2.2512917986064953
archbishop.n.01	bishop.n.01	1.0465599393958969	2.9444389791664407
letter.n.01	paragraph.n.01	0.12338688475383357	2.0281482472922856
page.n.01	paragraph.n.01	0.059495832093021055	1.1526795099383855
steeple.n.01	chapel.n.01	0.0931633345082775	1.845826690498331
muscle.n.02	bone.n.01	0.20699272493302873	2.2512917986064953
muscle.n.01	tongue.n.01	0.1600100620609851	2.2512917986064953
male_child.n.01	soldier.n.01	0.1077013639183407	1.55814461804655
belly.n.02	abdomen.n.01	0.07930925252721059	2.2512917986064953
guy.n.01	girl.n.01	0.14379292782377753	2.0281482472922856
bed.n.01	chair.n.01	0.31145650419130133	2.0281482472922856
apparel.n.01	jacket.n.01	0.18696523563341175	2.0281482472922856
gun.n.01	knife.n.02	0.24034783373876484	2.538973871058276
tin.n.01	metallic_element.n.01	0.329494395590271	2.9444389791664407
bottle.n.01	container.n.01	0.3946802137064221	2.538973871058276
hen.n.01	turkey.n.01	0.29991547513002326	2.2512917986064953
meat.n.01	bread.n.01	0.30613549360509273	2.2512917986064953
arm.n.01	bone.n.01	0.14703011808992755	1.4403615823901665
neck.n.01	spinal_column.n.01	0.09011110137240937	2.538973871058276
apple.n.01	lemon.n.01	0.1629698087260103	2.2512917986064953
agony.n.02	grief.n.02	0.09406159069074886	1.6916760106710724
assignment.n.01	job.n.02	0.30779477141574735	2.9444389791664407
night.n.01	dawn.n.01	0.07037463720153035	2.538973871058276
dinner.n.01	soup.n.01	0.19459419255235075	2.0281482472922856
calf.n.01	bull.n.01	0.08647234121101181	1.6916760106710724
snow.n.01	storm.n.01	0.19016697909365132	2.0281482472922856
nail.n.01	hand.n.01	0.11252137867364201	2.2512917986064953
dog.n.01	horse.n.01	0.2956590831918752	1.55814461804655
arm.n.01	neck.n.01	0.164697068621785	2.0281482472922856
ball.n.01	baseball_glove.n.01	0.16364455084224447	1.845826690498331
influenza.n.01	fever.n.02	0.06616200592226253	1.072636802264849
fee.n.01	wage.n.01	0.2115766522397263	1.6916760106710724
nerve.n.01	brain.n.01	0.08986934533936329	1.4403615823901665
beast.n.02	animal.n.01	0.08714997088022892	1.6916760106710724
dinner.n.01	chicken.n.01	0.09396198052534611	1.2396908869280152
girl.n.01	maid.n.02	0.28357849205133345	2.9444389791664407
child.n.02	son.n.01	0.9326396068376618	2.538973871058276
alcohol.n.01	wine.n.01	0.6769260956976288	2.9444389791664407
nose.n.01	mouth.n.01	0.1151508699249774	2.2512917986064953
street.n.01	car.n.01	0.10872389542368205	1.4403615823901665
bell.n.01	door.n.01	0.08760054589391805	2.0281482472922856
box.n.01	hat.n.01	0.09068459973817766	1.55814461804655
belief.n.01	impression.n.01	0.19180197920265016	2.2512917986064953
bias.n.01	impression.n.01	0.10178172198312327	1.55814461804655
attention.n.01	awareness.n.01	0.17299458802209525	1.845826690498331
anger.n.01	temper.n.02	0.1538156202286635	2.2512917986064953
elegance.n.01	dash.n.01	0.5138983423697502	2.9444389791664407
beauty.n.01	age.n.01	0.09441262905662301	1.845826690498331
bible.n.01	composition.n.08	0.12338688475383357	2.0281482472922856
friend.n.01	mother.n.01	0.10932663325017145	1.845826690498331
vitamin.n.01	iron.n.01	0.08531395315365956	1.4403615823901665
car.n.01	factory.n.01	0.09392243535370592	1.55814461804655
treaty.n.01	condition.n.02	0.11720805673671766	2.0281482472922856
chapter.n.01	choice.n.02	0.07537956053721002	1.6916760106710724
arithmetic.n.01	rhythm.n.04	0.06510463573469912	1.2396908869280152
achiever.n.01	presence.n.02	0.054636605183279764	1.3350010667323402
belief.n.01	flower.n.01	0.07664750709762087	1.4403615823901665
achiever.n.01	goal.n.01	0.059089365264161406	1.3350010667323402
antic.n.01	size.n.01	0.0593095247445975	1.3350010667323402
choice.n.02	vein.n.02	0.06538364803781836	1.4403615823901665
hymn.n.01	conquest.n.01	0.051723347702883116	1.072636802264849
survival.n.01	set.n.05	0.0642365649570907	1.55814461804655
jail.n.01	choice.n.02	0.05933599139371677	0.8043728156701697
condition.n.01	male_child.n.01	0.09187388270615142	1.3350010667323402
flower.n.01	survival.n.01	0.05785872890354656	1.4403615823901665
hole.n.01	agreement.n.02	0.07505600656219272	1.6916760106710724
doctor.n.01	temper.n.02	0.0648500368765807	1.1526795099383855
brotherhood.n.02	door.n.01	0.05496323020538374	1.1526795099383855
undertaking.n.01	woman.n.01	0.08107955622657745	1.2396908869280152
brotherhood.n.02	baseball.n.01	0.05536895285858187	0.9295359586241757
cent.n.01	size.n.01	0.06735914005433409	1.3350010667323402
presence.n.04	door.n.03	0.07626346078027564	1.55814461804655
mouse.n.01	management.n.01	0.06112520671291393	1.2396908869280152
undertaking.n.01	highway.n.01	0.06624569881174083	0.9295359586241757
liquor.n.01	century.n.01	0.07390275894343779	1.2396908869280152
undertaking.n.01	straw.n.01	0.0684875368554979	1.072636802264849
island.n.01	undertaking.n.01	0.06959779674768897	1.1526795099383855
night.n.01	chapter.n.02	0.09812626083956427	2.2512917986064953
pollution.n.01	president.n.01	0.04786415226705215	1.2396908869280152
gun.n.01	antic.n.01	0.0571401325804341	1.55814461804655
bath.n.02	trick.n.01	0.07171401844573788	1.6916760106710724
diet.n.01	apple.n.01	0.06870668064210522	1.3350010667323402
cent.n.01	wife.n.01	0.06258103301254567	0.9985288301111273
chapter.n.02	fag_end.n.01	0.061553880575436266	1.55814461804655
course.n.01	stomach.n.01	0.06220143409630134	1.4403615823901665
hymn.n.01	straw.n.01	0.056420065184274955	1.072636802264849
dentist.n.01	colonel.n.01	0.06609475074565485	1.072636802264849
wife.n.01	straw.n.01	0.06598038437098855	1.2396908869280152
hole.n.02	wife.n.01	0.07552811986138276	1.3350010667323402
student.n.01	president.n.01	0.08005932571393236	1.845826690498331
bathtub.n.01	wife.n.01	0.07328387325997213	1.1526795099383855
people.n.01	cent.n.01	0.07740537507688322	1.4403615823901665
formula.n.01	logarithm.n.01	0.06710016736387524	1.4403615823901665
woman.n.01	fur.n.01	0.07095066776507426	1.2396908869280152
apple.n.01	sunlight.n.01	0.05205148068684773	1.2396908869280152
gun.n.01	dawn.n.01	0.06428832320149724	1.3350010667323402
meal.n.01	waist.n.01	0.06087219729222118	1.4403615823901665
camera.n.01	president.n.01	0.06597372466423793	1.1526795099383855
liquor.n.01	set.n.05	0.07062800120773131	1.3350010667323402
stomach.n.01	vein.n.01	0.10001200629263698	2.0281482472922856
gun.n.01	fur.n.01	0.06717806110277823	1.4403615823901665
sofa.n.01	baseball.n.02	0.07589759970329496	1.4403615823901665
worker.n.01	camera.n.01	0.09510645691933063	1.3350010667323402
deck.n.01	mouse.n.01	0.06221288646807794	1.55814461804655
rice.n.02	male_child.n.01	0.0742101719595943	1.6916760106710724
people.n.01	gun.n.01	0.08439997133182128	1.3350010667323402
cliff.n.01	buttocks.n.01	0.055162052370426685	1.55814461804655
ankle.n.01	window.n.01	0.06244896269687475	1.072636802264849
princess.n.01	island.n.01	0.05848372213478314	1.4403615823901665
container.n.01	mouse.n.01	0.08541487975172801	2.0281482472922856
wagon.n.01	container.n.01	0.33907359408087456	2.538973871058276
people.n.01	balloon.n.01	0.06216094681498039	1.3350010667323402
dollar.n.01	people.n.01	0.08032776397148081	1.6916760106710724
bathtub.n.01	balloon.n.01	0.07552764123508526	1.6916760106710724
stomach.n.01	bedroom.n.01	0.06302531032812306	1.1526795099383855
bicycle.n.01	bedroom.n.01	0.0731142888565623	1.4403615823901665
log.n.01	bathtub.n.01	0.05538847757775749	1.55814461804655
bowl.n.02	tail.n.03	0.12847458559243766	1.845826690498331
